sample_title	amplicon_run_accession	read_direction	local_filename	download_url	md5	bytes
control_initial_cycle1	ERR13800669	R1	control_initial_cycle1_R1.fastq.gz	https://ftp.sra.ebi.ac.uk/vol1/fastq/ERR138/069/ERR13800669/ERR13800669_1.fastq.gz	bf81659db7a70d02b27ab8c3e0acf333	92592088
control_initial_cycle1	ERR13800669	R2	control_initial_cycle1_R2.fastq.gz	https://ftp.sra.ebi.ac.uk/vol1/fastq/ERR138/069/ERR13800669/ERR13800669_2.fastq.gz	ee1b2330bf58cb7e334a0fc832159b6f	113883315
treatment_initial_cycle1	ERR13800673	R1	treatment_initial_cycle1_R1.fastq.gz	https://ftp.sra.ebi.ac.uk/vol1/fastq/ERR138/073/ERR13800673/ERR13800673_1.fastq.gz	230b3f63570f6c7d2e56e4ef99b3eb6c	122332415
treatment_initial_cycle1	ERR13800673	R2	treatment_initial_cycle1_R2.fastq.gz	https://ftp.sra.ebi.ac.uk/vol1/fastq/ERR138/073/ERR13800673/ERR13800673_2.fastq.gz	ac6d439b4adf11b7d80ab8322bf45a26	141613245
control_initial_cycle2	ERR13800664	R1	control_initial_cycle2_R1.fastq.gz	https://ftp.sra.ebi.ac.uk/vol1/fastq/ERR138/064/ERR13800664/ERR13800664_1.fastq.gz	7e4481c358eb45b231735acc7513a387	83340861
control_initial_cycle2	ERR13800664	R2	control_initial_cycle2_R2.fastq.gz	https://ftp.sra.ebi.ac.uk/vol1/fastq/ERR138/064/ERR13800664/ERR13800664_2.fastq.gz	76b6f6dfc8cbc8707b396cbf55542333	97948026
treatment_initial_cycle2	ERR13800668	R1	treatment_initial_cycle2_R1.fastq.gz	https://ftp.sra.ebi.ac.uk/vol1/fastq/ERR138/068/ERR13800668/ERR13800668_1.fastq.gz	bc9f407e6e1fb77832dfe6f83c7da30d	117103060
treatment_initial_cycle2	ERR13800668	R2	treatment_initial_cycle2_R2.fastq.gz	https://ftp.sra.ebi.ac.uk/vol1/fastq/ERR138/068/ERR13800668/ERR13800668_2.fastq.gz	d277c57cb9084abc6d30551cb5247d31	144901065
control_initial_cycle3	ERR13800667	R1	control_initial_cycle3_R1.fastq.gz	https://ftp.sra.ebi.ac.uk/vol1/fastq/ERR138/067/ERR13800667/ERR13800667_1.fastq.gz	8762a94f8cf89bcffa5ff0d9e05e4205	106842428
control_initial_cycle3	ERR13800667	R2	control_initial_cycle3_R2.fastq.gz	https://ftp.sra.ebi.ac.uk/vol1/fastq/ERR138/067/ERR13800667/ERR13800667_2.fastq.gz	737579c580ef1f7f8fc20515dac7490a	121939977
treatment_initial_cycle3	ERR13800666	R1	treatment_initial_cycle3_R1.fastq.gz	https://ftp.sra.ebi.ac.uk/vol1/fastq/ERR138/066/ERR13800666/ERR13800666_1.fastq.gz	a440d88e4b55d621ea412825a60d9c5a	78220044
treatment_initial_cycle3	ERR13800666	R2	treatment_initial_cycle3_R2.fastq.gz	https://ftp.sra.ebi.ac.uk/vol1/fastq/ERR138/066/ERR13800666/ERR13800666_2.fastq.gz	89bf91b1c9dec69506029c31ff9721c9	95319950
control_backflush_cycle1	ERR13800665	R1	control_backflush_cycle1_R1.fastq.gz	https://ftp.sra.ebi.ac.uk/vol1/fastq/ERR138/065/ERR13800665/ERR13800665_1.fastq.gz	40f3db79ae8b1a853fe89e830ec52131	118918445
control_backflush_cycle1	ERR13800665	R2	control_backflush_cycle1_R2.fastq.gz	https://ftp.sra.ebi.ac.uk/vol1/fastq/ERR138/065/ERR13800665/ERR13800665_2.fastq.gz	9ecb105177da7279d1e6137ad3c98991	149804079
treatment_backflush_cycle1	ERR13800672	R1	treatment_backflush_cycle1_R1.fastq.gz	https://ftp.sra.ebi.ac.uk/vol1/fastq/ERR138/072/ERR13800672/ERR13800672_1.fastq.gz	6b214d3c3aa1b1983c8a8f251f0f2437	94227138
treatment_backflush_cycle1	ERR13800672	R2	treatment_backflush_cycle1_R2.fastq.gz	https://ftp.sra.ebi.ac.uk/vol1/fastq/ERR138/072/ERR13800672/ERR13800672_2.fastq.gz	67af303e67eae6af44db0d9719694906	105824314
control_backflush_cycle2	ERR13800671	R1	control_backflush_cycle2_R1.fastq.gz	https://ftp.sra.ebi.ac.uk/vol1/fastq/ERR138/071/ERR13800671/ERR13800671_1.fastq.gz	5ba716c4d6ea8cf7ee7c8454e5c059f0	60713792
control_backflush_cycle2	ERR13800671	R2	control_backflush_cycle2_R2.fastq.gz	https://ftp.sra.ebi.ac.uk/vol1/fastq/ERR138/071/ERR13800671/ERR13800671_2.fastq.gz	342193c05c1754874ef9a3693b1296d4	71312487
treatment_backflush_cycle2	ERR13800670	R1	treatment_backflush_cycle2_R1.fastq.gz	https://ftp.sra.ebi.ac.uk/vol1/fastq/ERR138/070/ERR13800670/ERR13800670_1.fastq.gz	93c9fcef0f2e7954d7d1ba404895bb31	132527199
treatment_backflush_cycle2	ERR13800670	R2	treatment_backflush_cycle2_R2.fastq.gz	https://ftp.sra.ebi.ac.uk/vol1/fastq/ERR138/070/ERR13800670/ERR13800670_2.fastq.gz	9cec56551c01e2f231b4839926cd787d	157890049
control_backflush_cycle3	ERR13800675	R1	control_backflush_cycle3_R1.fastq.gz	https://ftp.sra.ebi.ac.uk/vol1/fastq/ERR138/075/ERR13800675/ERR13800675_1.fastq.gz	26ae7689711c4418d3ce4fff6c609c9b	112467100
control_backflush_cycle3	ERR13800675	R2	control_backflush_cycle3_R2.fastq.gz	https://ftp.sra.ebi.ac.uk/vol1/fastq/ERR138/075/ERR13800675/ERR13800675_2.fastq.gz	1c819e48be9b9506a1b28f063385933a	123680507
treatment_backflush_cycle3	ERR13800674	R1	treatment_backflush_cycle3_R1.fastq.gz	https://ftp.sra.ebi.ac.uk/vol1/fastq/ERR138/074/ERR13800674/ERR13800674_1.fastq.gz	f29ab5da0d63ff98f54655e0374e667b	153900897
treatment_backflush_cycle3	ERR13800674	R2	treatment_backflush_cycle3_R2.fastq.gz	https://ftp.sra.ebi.ac.uk/vol1/fastq/ERR138/074/ERR13800674/ERR13800674_2.fastq.gz	f6213a1d2f4941246ff249a4a291a955	186459088
