sample_title	condition	phase	cycle	analysis_group	ena_sample_accession	ena_secondary_sample_accession	amplicon_run_accession	library_strategy	ena_library_source	library_selection	instrument_platform	instrument_model	read_count	read_pairs	base_count	fastq_r1_url	fastq_r2_url	fastq_r1_md5	fastq_r2_md5	fastq_r1_bytes	fastq_r2_bytes	ena_first_public	ena_last_updated
control_initial_cycle1	control	initial	1	control_cycle1	SAMEA116099383	ERS21097463	ERR13800669	AMPLICON	METAGENOMIC	PCR	ILLUMINA	Illumina MiSeq	1343110	671555	404276110	https://ftp.sra.ebi.ac.uk/vol1/fastq/ERR138/069/ERR13800669/ERR13800669_1.fastq.gz	https://ftp.sra.ebi.ac.uk/vol1/fastq/ERR138/069/ERR13800669/ERR13800669_2.fastq.gz	bf81659db7a70d02b27ab8c3e0acf333	ee1b2330bf58cb7e334a0fc832159b6f	92592088	113883315	2026-02-02	2026-02-02
treatment_initial_cycle1	treatment	initial	1	treatment_cycle1	SAMEA116099384	ERS21097464	ERR13800673	AMPLICON	METAGENOMIC	PCR	ILLUMINA	Illumina MiSeq	1695462	847731	510334062	https://ftp.sra.ebi.ac.uk/vol1/fastq/ERR138/073/ERR13800673/ERR13800673_1.fastq.gz	https://ftp.sra.ebi.ac.uk/vol1/fastq/ERR138/073/ERR13800673/ERR13800673_2.fastq.gz	230b3f63570f6c7d2e56e4ef99b3eb6c	ac6d439b4adf11b7d80ab8322bf45a26	122332415	141613245	2026-02-02	2026-02-02
control_initial_cycle2	control	initial	2	control_cycle2	SAMEA116099385	ERS21097465	ERR13800664	AMPLICON	METAGENOMIC	PCR	ILLUMINA	Illumina MiSeq	1090080	545040	328114080	https://ftp.sra.ebi.ac.uk/vol1/fastq/ERR138/064/ERR13800664/ERR13800664_1.fastq.gz	https://ftp.sra.ebi.ac.uk/vol1/fastq/ERR138/064/ERR13800664/ERR13800664_2.fastq.gz	7e4481c358eb45b231735acc7513a387	76b6f6dfc8cbc8707b396cbf55542333	83340861	97948026	2026-02-02	2026-02-02
treatment_initial_cycle2	treatment	initial	2	treatment_cycle2	SAMEA116099386	ERS21097466	ERR13800668	AMPLICON	METAGENOMIC	PCR	ILLUMINA	Illumina MiSeq	1654802	827401	498095402	https://ftp.sra.ebi.ac.uk/vol1/fastq/ERR138/068/ERR13800668/ERR13800668_1.fastq.gz	https://ftp.sra.ebi.ac.uk/vol1/fastq/ERR138/068/ERR13800668/ERR13800668_2.fastq.gz	bc9f407e6e1fb77832dfe6f83c7da30d	d277c57cb9084abc6d30551cb5247d31	117103060	144901065	2026-02-02	2026-02-02
control_initial_cycle3	control	initial	3	control_cycle3	SAMEA116099387	ERS21097467	ERR13800667	AMPLICON	METAGENOMIC	PCR	ILLUMINA	Illumina MiSeq	1373362	686681	413381962	https://ftp.sra.ebi.ac.uk/vol1/fastq/ERR138/067/ERR13800667/ERR13800667_1.fastq.gz	https://ftp.sra.ebi.ac.uk/vol1/fastq/ERR138/067/ERR13800667/ERR13800667_2.fastq.gz	8762a94f8cf89bcffa5ff0d9e05e4205	737579c580ef1f7f8fc20515dac7490a	106842428	121939977	2026-02-02	2026-02-02
treatment_initial_cycle3	treatment	initial	3	treatment_cycle3	SAMEA116099388	ERS21097468	ERR13800666	AMPLICON	METAGENOMIC	PCR	ILLUMINA	Illumina MiSeq	1093564	546782	329162764	https://ftp.sra.ebi.ac.uk/vol1/fastq/ERR138/066/ERR13800666/ERR13800666_1.fastq.gz	https://ftp.sra.ebi.ac.uk/vol1/fastq/ERR138/066/ERR13800666/ERR13800666_2.fastq.gz	a440d88e4b55d621ea412825a60d9c5a	89bf91b1c9dec69506029c31ff9721c9	78220044	95319950	2026-02-02	2026-02-02
control_backflush_cycle1	control	backflush	1	control_cycle1	SAMEA116099389	ERS21097469	ERR13800665	AMPLICON	METAGENOMIC	PCR	ILLUMINA	Illumina MiSeq	1658794	829397	499296994	https://ftp.sra.ebi.ac.uk/vol1/fastq/ERR138/065/ERR13800665/ERR13800665_1.fastq.gz	https://ftp.sra.ebi.ac.uk/vol1/fastq/ERR138/065/ERR13800665/ERR13800665_2.fastq.gz	40f3db79ae8b1a853fe89e830ec52131	9ecb105177da7279d1e6137ad3c98991	118918445	149804079	2026-02-02	2026-02-02
treatment_backflush_cycle1	treatment	backflush	1	treatment_cycle1	SAMEA116099390	ERS21097470	ERR13800672	AMPLICON	METAGENOMIC	PCR	ILLUMINA	Illumina MiSeq	1178932	589466	354858532	https://ftp.sra.ebi.ac.uk/vol1/fastq/ERR138/072/ERR13800672/ERR13800672_1.fastq.gz	https://ftp.sra.ebi.ac.uk/vol1/fastq/ERR138/072/ERR13800672/ERR13800672_2.fastq.gz	6b214d3c3aa1b1983c8a8f251f0f2437	67af303e67eae6af44db0d9719694906	94227138	105824314	2026-02-02	2026-02-02
control_backflush_cycle2	control	backflush	2	control_cycle2	SAMEA116099391	ERS21097471	ERR13800671	AMPLICON	METAGENOMIC	PCR	ILLUMINA	Illumina MiSeq	793810	396905	238936810	https://ftp.sra.ebi.ac.uk/vol1/fastq/ERR138/071/ERR13800671/ERR13800671_1.fastq.gz	https://ftp.sra.ebi.ac.uk/vol1/fastq/ERR138/071/ERR13800671/ERR13800671_2.fastq.gz	5ba716c4d6ea8cf7ee7c8454e5c059f0	342193c05c1754874ef9a3693b1296d4	60713792	71312487	2026-02-02	2026-02-02
treatment_backflush_cycle2	treatment	backflush	2	treatment_cycle2	SAMEA116099392	ERS21097472	ERR13800670	AMPLICON	METAGENOMIC	PCR	ILLUMINA	Illumina MiSeq	1700178	850089	511753578	https://ftp.sra.ebi.ac.uk/vol1/fastq/ERR138/070/ERR13800670/ERR13800670_1.fastq.gz	https://ftp.sra.ebi.ac.uk/vol1/fastq/ERR138/070/ERR13800670/ERR13800670_2.fastq.gz	93c9fcef0f2e7954d7d1ba404895bb31	9cec56551c01e2f231b4839926cd787d	132527199	157890049	2026-02-02	2026-02-02
control_backflush_cycle3	control	backflush	3	control_cycle3	SAMEA116099393	ERS21097473	ERR13800675	AMPLICON	METAGENOMIC	PCR	ILLUMINA	Illumina MiSeq	1416594	708297	426394794	https://ftp.sra.ebi.ac.uk/vol1/fastq/ERR138/075/ERR13800675/ERR13800675_1.fastq.gz	https://ftp.sra.ebi.ac.uk/vol1/fastq/ERR138/075/ERR13800675/ERR13800675_2.fastq.gz	26ae7689711c4418d3ce4fff6c609c9b	1c819e48be9b9506a1b28f063385933a	112467100	123680507	2026-02-02	2026-02-02
treatment_backflush_cycle3	treatment	backflush	3	treatment_cycle3	SAMEA116099394	ERS21097474	ERR13800674	AMPLICON	METAGENOMIC	PCR	ILLUMINA	Illumina MiSeq	2054406	1027203	618376206	https://ftp.sra.ebi.ac.uk/vol1/fastq/ERR138/074/ERR13800674/ERR13800674_1.fastq.gz	https://ftp.sra.ebi.ac.uk/vol1/fastq/ERR138/074/ERR13800674/ERR13800674_2.fastq.gz	f29ab5da0d63ff98f54655e0374e667b	f6213a1d2f4941246ff249a4a291a955	153900897	186459088	2026-02-02	2026-02-02
