family	colour	source
4484-276	#8B5F03	Figure1_frozen_microshades
Anaerolineaceae	#006145	Figure1_frozen_microshades
Arcobacteraceae	#474473	Figure1_frozen_microshades
Bacteriovoracaceae	#01694D	16S_SILVA_within_phylum_shade_frozen_20260909
Bacteroidetes vadinHA17	#976700	16S_SILVA_within_phylum_shade_frozen_20260909
Burkholderiaceae_B	#014771	Figure1_frozen_microshades
CAG-138	#8B6600	Figure1_frozen_microshades
Comamonadaceae	#034C79	16S_SILVA_within_phylum_shade_frozen_20260909
Desulfobulbaceae	#704D00	16S_SILVA_within_phylum_shade_frozen_20260909
FEN-979	#A06E06	Figure1_frozen_microshades
Geobacteraceae	#7B5502	16S_SILVA_within_phylum_shade_frozen_20260909
Holophagaceae	#36806A	16S_SILVA_within_phylum_shade_frozen_20260909
Hydrogenedensaceae	#4789A4	16S_SILVA_within_phylum_shade_frozen_20260909
Hydrogenophilaceae	#035B8F	16S_SILVA_within_phylum_shade_frozen_20260909
Ignavibacteriaceae	#B57C01	Figure1_frozen_microshades
JAFGLZ01	#853801	Figure1_frozen_microshades
Kosmotogaceae	#57362F	Figure1_frozen_microshades
Lenti-01	#4D6088	Figure1_frozen_microshades
Lentimicrobiaceae	#AB7500	16S_SILVA_within_phylum_shade_frozen_20260909
Leptotrichiaceae	#816406	16S_SILVA_within_phylum_shade_frozen_20260909
Methanoregulaceae	#B4819C	Figure1_frozen_microshades
Methanosaetaceae	#924672	16S_SILVA_within_phylum_shade_frozen_20260909
Methanotrichaceae	#8A3F6B	Figure1_frozen_microshades
Methylomonadaceae	#026AA5	16S_SILVA_within_phylum_shade_frozen_20260909
Moduliflexaceae	#763B1E	16S_SILVA_within_phylum_shade_frozen_20260909
Mycobacteriaceae	#CB94B4	Figure1_frozen_microshades
Other classified families	#D9D9D9	explicit_residual
Paludibacteraceae	#C08401	16S_SILVA_within_phylum_shade_frozen_20260909
Pirellulaceae	#C9612B	Figure1_frozen_microshades
Prolixibacteraceae	#CB8C04	Figure1_frozen_microshades
Propionibacteriaceae	#AE3087	Figure1_frozen_microshades
Rhodocyclaceae	#0E6FAD	Figure1_frozen_microshades
SHND01	#047353	Figure1_frozen_microshades
SLSP01	#079A71	Figure1_frozen_microshades
ST-12K33	#D59301	16S_SILVA_within_phylum_shade_frozen_20260909
Smithellaceae	#684702	Figure1_frozen_microshades
Spirochaetaceae	#668D05	16S_SILVA_within_phylum_shade_frozen_20260909
Syntrophaceae	#855D05	16S_SILVA_within_phylum_shade_frozen_20260909
Syntrophobacteraceae	#916501	16S_SILVA_within_phylum_shade_frozen_20260909
Syntrophorhabdaceae	#9B6D13	16S_SILVA_within_phylum_shade_frozen_20260909
Thermoanaerobaculaceae	#2D7661	Figure1_frozen_microshades
UBA1135	#A94A08	Figure1_frozen_microshades
UBA4417	#E19C09	Figure1_frozen_microshades
UBA4823	#008762	Figure1_frozen_microshades
UBA5550	#5E8206	Figure1_frozen_microshades
Unclassified at family level	#969696	explicit_residual
