sample_title	condition	phase	cycle	analysis_group	ena_study_accession	ena_secondary_study_accession	ena_sample_accession	ena_secondary_sample_accession	amplicon_run_accession	metagenome_run_accession	metatranscriptome_run_accessions	downstream_quantification_group	assembly_group	note
control_initial_cycle1	control	initial	1	control_cycle1	PRJEB79569	ERP163720	SAMEA116099383	ERS21097463	ERR13800669	ERR13800699	ERR13801948;ERR13801949	condition_cycle	include_initial_backflush_for_assembly	phase retained as metadata
treatment_initial_cycle1	treatment	initial	1	treatment_cycle1	PRJEB79569	ERP163720	SAMEA116099384	ERS21097464	ERR13800673	ERR13800697	ERR13801952;ERR13801953	condition_cycle	include_initial_backflush_for_assembly	phase retained as metadata
control_initial_cycle2	control	initial	2	control_cycle2	PRJEB79569	ERP163720	SAMEA116099385	ERS21097465	ERR13800664	ERR13800688	ERR13801956;ERR13801957	condition_cycle	include_initial_backflush_for_assembly	phase retained as metadata
treatment_initial_cycle2	treatment	initial	2	treatment_cycle2	PRJEB79569	ERP163720	SAMEA116099386	ERS21097466	ERR13800668	ERR13800693	ERR13801960;ERR13801961	condition_cycle	include_initial_backflush_for_assembly	phase retained as metadata
control_initial_cycle3	control	initial	3	control_cycle3	PRJEB79569	ERP163720	SAMEA116099387	ERS21097467	ERR13800667	ERR13800690	ERR13801964;ERR13801965	condition_cycle	include_initial_backflush_for_assembly	phase retained as metadata
treatment_initial_cycle3	treatment	initial	3	treatment_cycle3	PRJEB79569	ERP163720	SAMEA116099388	ERS21097468	ERR13800666	ERR13800691	ERR13801968;ERR13801969	condition_cycle	include_initial_backflush_for_assembly	phase retained as metadata
control_backflush_cycle1	control	backflush	1	control_cycle1	PRJEB79569	ERP163720	SAMEA116099389	ERS21097469	ERR13800665	ERR13800695	ERR13801950;ERR13801951	condition_cycle	include_initial_backflush_for_assembly	phase retained as metadata
treatment_backflush_cycle1	treatment	backflush	1	treatment_cycle1	PRJEB79569	ERP163720	SAMEA116099390	ERS21097470	ERR13800672	ERR13800696	ERR13801954;ERR13801955	condition_cycle	include_initial_backflush_for_assembly	phase retained as metadata
control_backflush_cycle2	control	backflush	2	control_cycle2	PRJEB79569	ERP163720	SAMEA116099391	ERS21097471	ERR13800671	ERR13800694	ERR13801958;ERR13801959	condition_cycle	include_initial_backflush_for_assembly	phase retained as metadata
treatment_backflush_cycle2	treatment	backflush	2	treatment_cycle2	PRJEB79569	ERP163720	SAMEA116099392	ERS21097472	ERR13800670	ERR13800698	ERR13801962;ERR13801963	condition_cycle	include_initial_backflush_for_assembly	phase retained as metadata
control_backflush_cycle3	control	backflush	3	control_cycle3	PRJEB79569	ERP163720	SAMEA116099393	ERS21097473	ERR13800675	ERR13800689	ERR13801966;ERR13801967	condition_cycle	include_initial_backflush_for_assembly	phase retained as metadata
treatment_backflush_cycle3	treatment	backflush	3	treatment_cycle3	PRJEB79569	ERP163720	SAMEA116099394	ERS21097474	ERR13800674	ERR13800692	ERR13801970	condition_cycle	include_initial_backflush_for_assembly	phase retained as metadata; one MT run listed by ENA

