analysis_id	status	manuscript_use	canonical_entrypoint	canonical_output	boundary
full_transcriptome_de	verified_current	eligible	scripts/run_full_transcriptome_edger.qmd	PRJEB79569/derived/full_transcriptome_de/	Complete tested-feature universe; condition confounded with membrane identity
full_de_interpretation	verified_current	eligible	scripts/interpret_full_transcriptome_de.qmd	PRJEB79569/derived/full_de_interpretation/	Functional subsets are post-model; SOS transcription is not direct DNA-damage evidence
population_genomics_descriptive	verified_descriptive	context_only	scripts/build_population_genomics_descriptive.qmd	PRJEB79569/derived/manuscript_candidates/	Selected five-MAG set; no damage, mutagenesis, adaptation, or treatment-effect inference
mag_genomic_variation_dossiers	verified_descriptive	context_only	scripts/build_mag_genomic_variation_dossiers.qmd	PRJEB79569/derived/manuscript_candidates/	Organism-specific stability or turnover only; coverage-sensitive diagnostics
taxonomic_context_figures	verified_descriptive	supplementary	scripts/build_taxonomic_context_figures.qmd	PRJEB79569/derived/manuscript_figure_candidates/	Allocated as Supplementary Figures S6 and S7; MAG and vOTU trees are taxonomy-derived, not sequence phylogenies; vOTU panel carries no treatment or host-phage inference
sos_restricted_edger	deprecated_superseded	provenance_only	scripts/run_sos_edger_sensitivity.qmd	PRJEB79569/derived/manuscript_candidates/	Subset-first quick check; numerical results and figures prohibited from manuscript and supplement
uv_activity_candidates	deprecated_superseded	provenance_only	scripts/build_uv_activity_candidates.qmd	PRJEB79569/derived/manuscript_candidates/	Subset-first CPM quick check; prohibited from manuscript and supplement
sos_activity_candidates	deprecated_superseded	provenance_only	scripts/build_sos_activity_candidates.qmd	PRJEB79569/derived/manuscript_candidates/	Subset-first CPM quick check; prohibited from manuscript and supplement
subset_temporal_response	deprecated_superseded	provenance_only	scripts/build_temporal_response_analysis.qmd	PRJEB79569/derived/manuscript_candidates/	Subset-first RNA:DNA and temporal checks; prohibited from manuscript and supplement
subset_trajectory_clusters	deprecated_superseded	provenance_only	scripts/evaluate_temporal_cluster_stability.qmd	PRJEB79569/derived/manuscript_candidates/	Preselected-module clustering; prohibited from manuscript and supplement
host_phage_links	verified_deferred	deferred	scripts/consolidate_host_phage_links.py	PRJEB79569/host_phage_linking/full/summary_data/	Use only if it materially clarifies a supported global result
host_phage_network_figure	verified_descriptive	supplementary	scripts/build_host_phage_network_figure.qmd	PRJEB79569/derived/host_phage_network_review/	Allocated as Supplementary Figure S8; 86 deduplicated SpacePHARER candidate pairs; current MAG overlay is descriptive; no active-infection, host-range, or treatment inference; zero linked phage representatives pass the high-quality classified-vOTU filter
16s_integration	delegated_external	integration_pending	separate collaborator	PRJEB79569/derived/16s_analysis/	Do not manage or audit from this workstream
