claim_id	section	claim	status	evidence_type	artifact	statistics_or_scope	citation	allocation	boundary
C01	Introduction	Combined UV-C and bacteriophage cleaning reduced biofouling in the original proof-of-concept	verified_cited	original_study	Scarascia et al. 2021	Published experimental result	https://doi.org/10.1073/pnas.2016529118	unallocated	Background only
C02	Introduction	Engineering efficacy was sustained over three repeated cleaning cycles	verified_cited	original_study	Myshkevych et al. 2025	Published repeated-cycle result	https://doi.org/10.1016/j.ceja.2025.100796	unallocated	Background and dataset provenance
C03	Results	361907 of 1734019 features passed the predeclared filter	verified	table	full_transcriptome_de/tables/filtering_summary.tsv	filterByExpr min count 10; min total count 15		working_Figure_2_and_S1	Complete-universe result
C04	Results	Adjusted condition model identified 7703 features at FDR below 0.05	verified	table	full_transcriptome_de/tables/de_condition_adjusted.tsv	7699 also had absolute logFC at least 1; 3694 treatment-higher; 4005 control-higher		working_Figure_2	System-specific; condition confounded with membrane identity
C05	Results	SOS-response genes were collectively higher-ranked for the adjusted condition coefficient	verified	table_and_candidate_figure	full_de_interpretation/tables/functional_category_enrichment.tsv	cameraPR raw p 2.58e-4; BH FDR 2.07e-3; 523 genes		working_Figure_2	SOS transcription is not direct DNA-damage evidence
C06	Results	Other frozen repair and stress categories were not supported for the adjusted condition coefficient	verified_negative	table_and_candidate_figure	full_de_interpretation/tables/functional_category_enrichment.tsv	BH FDR range 0.642 to 0.892		working_Figure_2	Negative results retained
C07	Results	Redox-stress genes were higher-ranked for the cycle-2 interaction	verified	table_and_candidate_figure	full_de_interpretation/tables/functional_category_enrichment.tsv	cameraPR raw p 1.19e-3; BH FDR 9.51e-3; 1227 genes		working_Supplementary_Figure_S3	Interaction is departure from cycle 1, not standalone cycle-2 treatment effect
C08	Results	Adjusted-condition MAG signals were widespread and bidirectional	verified	table_and_candidate_figure	full_de_interpretation/tables/mag_coherence.tsv	175 of 340 eligible MAGs; 100 higher-ranked; 75 lower-ranked		working_Figure_2	System-specific; not population-level treatment response
C09	Results	Recurrent gene candidates were nearly balanced by direction	verified	table_and_candidate_figure	full_de_interpretation/tables/predeclared_gene_candidates.tsv	3334 treatment-higher; 3651 control-higher		working_Figure_3	Descriptive recurrence is not an additional hypothesis test
C10	Results	Coverage-qualified population-genomic structure was heterogeneous among five scoped MAGs	verified_descriptive	table_and_candidate_figure	manuscript_candidates/tables/population_genomics_mag_qc.tsv	Median consensus differences approximately 29 to 1114 per callable Mbp		working_Figure_4	Selected set; no mutation, adaptation, or treatment inference
C11	Discussion	The strongest supported interpretation is heterogeneous organism-resolved transcriptional restructuring	verified_synthesis	multiple	C04-C10	Bidirectional gene and MAG evidence plus negative category results		working_Figures_1_to_4	Longitudinal two-membrane system only
C12	Integration	16S provides a separately owned community-composition stream	pending_external	delegated_analysis	separate collaborator	Not audited in this workstream		working_Figure_5_reserved	Do not block or manage here
C13	Integration	Host-phage links explain a supported global result	deferred_not_claimed	deferred_table	PRJEB79569/host_phage_linking/full/summary_data/	148 staged links; no current material clarification		unallocated	Do not force into manuscript
C14	Results	The MAG-mapped community was taxonomically diverse and changed across cycle-phase observations	verified_descriptive	table_and_candidate_figure	taxonomic_resolution_exploration/tables/family_top25_community_profile.tsv	No named family exceeded 6.6 percent mean relative abundance across 12 profiles		working_Figure_1	Descriptive MAG-mapped metagenomic profile; not a replicated treatment test
