data_id	fetch_now	remote_path	local_relative_path	role	remote_size_bytes	notes
drep_widb	yes	/scratch/users/snarayanasamy/phage_uv_treatment/output/PRJEB79569/binning/dereplication/data_tables/Widb.csv	binning/dereplication/data_tables/Widb.csv	MAG dereplication representative/cluster table used by legacy MAG/phage-link QMDs	41636	Exact legacy basename exists in current Iris run
drep_genome_info	yes	/scratch/users/snarayanasamy/phage_uv_treatment/output/PRJEB79569/binning/dereplication/data_tables/genomeInfo.csv	binning/dereplication/data_tables/genomeInfo.csv	MAG quality/genome metadata from dRep	129672	Needed for rMAG filtering and figure QC
drep_cdb	yes	/scratch/users/snarayanasamy/phage_uv_treatment/output/PRJEB79569/binning/dereplication/data_tables/Cdb.csv	binning/dereplication/data_tables/Cdb.csv	dRep cluster assignments	81399	Useful for tracing rMAG dereplication provenance
drep_bdb	yes	/scratch/users/snarayanasamy/phage_uv_treatment/output/PRJEB79569/binning/dereplication/data_tables/Bdb.csv	binning/dereplication/data_tables/Bdb.csv	dRep bin/genome metadata	198616	Useful for tracing rMAG dereplication provenance
drep_ndb	yes	/scratch/users/snarayanasamy/phage_uv_treatment/output/PRJEB79569/binning/dereplication/data_tables/Ndb.csv	binning/dereplication/data_tables/Ndb.csv	dRep Ndb table	652393	Useful for reproducible dereplication QC
drep_sdb	yes	/scratch/users/snarayanasamy/phage_uv_treatment/output/PRJEB79569/binning/dereplication/data_tables/Sdb.csv	binning/dereplication/data_tables/Sdb.csv	dRep secondary clustering table	60462	Useful for reproducible dereplication QC
mag_mg_read_counts	yes	/scratch/users/snarayanasamy/phage_uv_treatment/output/PRJEB79569/quantification/mags_votu/coverage/metagenomics/coverm/output-Read_Count.tsv	quantification/mags_votu/coverage/metagenomics/coverm/output-Read_Count.tsv	MAG/vOTU metagenomic read-count abundance table	138434941	Legacy QMDs used Read_Count tables for abundance analysis
mag_mt_read_counts	yes	/scratch/users/snarayanasamy/phage_uv_treatment/output/PRJEB79569/quantification/mags_votu/coverage/metatranscriptomics/coverm/output-Read_Count.tsv	quantification/mags_votu/coverage/metatranscriptomics/coverm/output-Read_Count.tsv	MAG/vOTU metatranscriptomic read-count activity table	169609552	Legacy QMDs used Read_Count tables for expression/activity analysis
votu_cluster_summary	yes	/scratch/users/snarayanasamy/phage_uv_treatment/output/PRJEB79569/viromics/votu_clustering/cluster_summary.tsv	viromics/votu_clustering/cluster_summary.tsv	vOTU clustering summary	323021233	Current replacement for legacy vOTU catalogue summary
votu_clusters	yes	/scratch/users/snarayanasamy/phage_uv_treatment/output/PRJEB79569/viromics/votu_clustering/clusters.tsv	viromics/votu_clustering/clusters.tsv	vOTU cluster membership table	244569847	Needed to map contig-level viral calls to vOTUs
checkv_quality_summary	yes	/scratch/users/snarayanasamy/phage_uv_treatment/output/PRJEB79569/viromics/annotation/PRJEB79569_vOTUs/vclust_catalogue/checkv/quality_summary.tsv	viromics/annotation/PRJEB79569_vOTUs/vclust_catalogue/checkv/quality_summary.tsv	vOTU CheckV quality summary	219184778	Current replacement for legacy all_checkv_quality_summary.tsv
checkv_complete_genomes	yes	/scratch/users/snarayanasamy/phage_uv_treatment/output/PRJEB79569/viromics/annotation/PRJEB79569_vOTUs/vclust_catalogue/checkv/complete_genomes.tsv	viromics/annotation/PRJEB79569_vOTUs/vclust_catalogue/checkv/complete_genomes.tsv	CheckV complete genome calls	587765	Compact QC support table
cenote_virus_summary	yes	/scratch/users/snarayanasamy/phage_uv_treatment/output/PRJEB79569/viromics/annotation/PRJEB79569_vOTUs/vclust_catalogue/cenotetaker3/output/output_virus_summary.tsv	viromics/annotation/PRJEB79569_vOTUs/vclust_catalogue/cenotetaker3/output/output_virus_summary.tsv	Cenote-Taker3 vOTU annotation summary	18729395	Current replacement for legacy all_cenote_taker3_res.tsv at vOTU-catalogue level
cenote_prune_summary	yes	/scratch/users/snarayanasamy/phage_uv_treatment/output/PRJEB79569/viromics/annotation/PRJEB79569_vOTUs/vclust_catalogue/cenotetaker3/output/output_prune_summary.tsv	viromics/annotation/PRJEB79569_vOTUs/vclust_catalogue/cenotetaker3/output/output_prune_summary.tsv	Cenote-Taker3 pruning summary	2918915	Compact QC support table
uv_signature_hits	already	/scratch/users/snarayanasamy/phage_uv_treatment/output/PRJEB79569/community_uv_response/uv_signature_hits.tsv	community_uv_response/uv_signature_hits.tsv	UV/DNA-damage signature hit table	3390482	Fetched 2026-07-19 and checksummed in data_manifest.tsv
uv_signature_entity_summary	already	/scratch/users/snarayanasamy/phage_uv_treatment/output/PRJEB79569/community_uv_response/uv_signature_entity_summary.tsv	community_uv_response/uv_signature_entity_summary.tsv	UV signature summary by entity	507462	Fetched 2026-07-19 and checksummed in data_manifest.tsv
uv_signature_mag_summary	already	/scratch/users/snarayanasamy/phage_uv_treatment/output/PRJEB79569/community_uv_response/uv_signature_mag_summary.tsv	community_uv_response/uv_signature_mag_summary.tsv	UV signature summary by MAG	118547	Fetched 2026-07-19 and checksummed in data_manifest.tsv
instrain_profile_manifest	stale_manifest	/scratch/users/snarayanasamy/phage_uv_treatment/output/PRJEB79569/community_uv_response/instrain_profile_manifest.tsv	community_uv_response/instrain_profile_manifest.tsv	inStrain input/profile-path readiness manifest	2780	Fetched 2026-07-19; live check 2026-07-24 found no profile.done markers under active variant_analysis profile root and no compare output
variant_bam_manifest	already	/scratch/users/snarayanasamy/phage_uv_treatment/output/PRJEB79569/community_uv_response/variant_analysis/mags_votu_metagenomic_bams.tsv	community_uv_response/variant_analysis/mags_votu_metagenomic_bams.tsv	Metagenomic BAM manifest for variant analysis	4464	Fetched 2026-07-19; BAI caveat documented in data_manifest.tsv
variant_input_audit	already	/scratch/users/snarayanasamy/phage_uv_treatment/output/PRJEB79569/community_uv_response/variant_analysis/variant_analysis_input_audit.tsv	community_uv_response/variant_analysis/variant_analysis_input_audit.tsv	Variant analysis input audit	481	Fetched 2026-07-19
vcontact_final_assignments	defer_large	/scratch/users/snarayanasamy/phage_uv_treatment/output/PRJEB79569/viromics/annotation/PRJEB79569_vOTUs/vclust_catalogue/vcontact3/exports/final_assignments.csv	viromics/annotation/PRJEB79569_vOTUs/vclust_catalogue/vcontact3/exports/final_assignments.csv	vContact3 final assignments	466970776	Defer until needed for taxonomy/network figure
neordrp_output	defer_huge	/scratch/users/snarayanasamy/phage_uv_treatment/output/PRJEB79569/viromics/annotation/PRJEB79569_vOTUs/vclust_catalogue/neordrp/output.tsv	viromics/annotation/PRJEB79569_vOTUs/vclust_catalogue/neordrp/output.tsv	NeoRdRp catalogue output	2294938818	Defer unless RdRp-specific analysis becomes central
host_phage_links	already	/scratch/users/snarayanasamy/phage_uv_treatment/output/PRJEB79569/host_phage_linking/full/summary_data/host_phage_links.tsv	host_phage_linking/full/summary_data/host_phage_links.tsv	CRISPR/SpacePHARER host-phage edge table	49622	Fetched 2026-07-24; 148 link rows; 80 hosts with links; 85 linked phages/vOTUs
host_phage_spacepharer_alignments	already	/scratch/users/snarayanasamy/phage_uv_treatment/output/PRJEB79569/host_phage_linking/full/summary_data/spacepharer_spacer_alignment_results.tsv	host_phage_linking/full/summary_data/spacepharer_spacer_alignment_results.tsv	Raw non-comment SpacePHARER alignment rows	612975	Fetched 2026-07-24; 1666 rows plus header
host_phage_link_summary	already	/scratch/users/snarayanasamy/phage_uv_treatment/output/PRJEB79569/host_phage_linking/full/summary_data/host_phage_link_summary.tsv	host_phage_linking/full/summary_data/host_phage_link_summary.tsv	Host-phage consolidation QC summary	223	Fetched 2026-07-24
legacy_biofilm_summaries	missing	unknown	annotation/mag_*biofilm*.tsv	Legacy biofilm summary tables	0	Not found under current PRJEB79569 output; rebuild from Bakta annotations if needed
legacy_de_tables	missing	unknown	statistical_analysis/	Legacy differential expression outputs	0	Not found under current PRJEB79569 output; rebuild from counts if needed
