code_id	location_type	repo_url	ref_or_commit	path	purpose	inputs	outputs	environment	reuse_status	notes
multiomics_pipeline	remote_repo	https://github.com/shaman-narayanasamy/multiomics_pipeline	TODO_resolve_main_commit	workflows/;rules/	MG/MT preprocessing;assembly;binning;annotation;quantification;CRISPR discovery	ENA reads;sample tables	HPC workflow outputs;MAGs;annotations;counts	Snakemake;conda;HPC	reuse unchanged	Private repo; resolve exact commit before manuscript freeze
host_phage_linking	remote_repo	https://github.com/shaman-narayanasamy/host_phage_linking	TODO_resolve_main_commit	workflows/;rules/;scripts/	CRISPR spacer-protospacer and host-phage linking	Host MAGs;phage/vOTU sequences	phage-host link tables;CRISPR summaries	Snakemake;conda;HPC	reuse unchanged	Private repo; resolve exact commit before manuscript freeze
poster_mag_analysis	local_file		mtime_to_record	raw/membrane_cleaning_v2/MAG_analysis_all.qmd	MAG summary;community structure;CRISPR/biofilm overlays	Staged MAG tables	Poster-level MAG summaries	R/Quarto	wrap/document	Replace old absolute paths with manifest-configured inputs if reused directly
poster_mt_analysis	local_file		mtime_to_record	raw/membrane_cleaning_v2/Metatranscriptomics_analysis.qmd	Community and biofilm expression analyses	MT counts;annotations;sample metadata	Biofilm gene summaries;DE-derived tables	R/Quarto	wrap/document	Primary source for poster logic
poster_host_phage_links	local_file		mtime_to_record	raw/membrane_cleaning_v2/link_hosts_and_phages.qmd	CRISPR-mediated host-phage network analysis	CRISPR links;vOTU annotations;biofilm MAG tables	phage-host network summaries	R/Quarto	wrap/document	Reuse logic after manifest path cleanup
poster_votu_analysis	local_file		mtime_to_record	raw/membrane_cleaning_v2/vOTU_analysis.qmd	vOTU quality;taxonomy;viral prediction summaries	VirSorter2;geNomad;CheckV;Cenote-Taker outputs	vOTU quality/taxonomy tables	R/Quarto	wrap/document	Reuse output tables where already generated
poster_treatment_analysis	local_file		mtime_to_record	raw/membrane_cleaning_v2/Treatment_data_analysis.qmd	TMP/treatment context	Treatment spreadsheet	TMP figure/context	R/Quarto	wrap/document	Supporting context only
sample_metadata	local_file		created_2026-05-05	metadata/sample_metadata.tsv	Stable physical sample to analysis_group map	ENA run metadata	Sample metadata TSV	text	new	Used by all downstream wrappers
uv_signature_table	local_file		created_2026-05-05	resources/uv_resistance_signatures.tsv	Curated UV/DNA-damage gene signature mapping	Gene annotations	UV tier/category annotations	text	new	Review/expand before final biological claims
fetch_ena_metadata	local_file		created_2026-05-05	scripts/fetch_ena_metadata.sh	Fetch ENA run metadata for PRJEB79569	ENA API	metadata/ena_run_metadata.tsv	curl;shell	new	Network-dependent
check_mgnify	local_file		created_2026-05-05	scripts/check_mgnify_prjeb79569.R	Check MGnify availability for PRJEB79569	MGnify API	metadata/mgnify_prjeb79569_status.json	R;MGnifyR;jsonlite	new	Network-dependent; supporting layer only
check_mgnify_wrapper	local_file		created_2026-05-05	scripts/check_mgnify_prjeb79569.sh	Shell wrapper for MGnifyR lookup	MGnify API	metadata/mgnify_prjeb79569_status.json	Rscript;shell	new	Calls scripts/check_mgnify_prjeb79569.R
validate_manifests	local_file		updated_2026-08-04	scripts/validate_manifests.sh	Manifest, metadata, signature, and HPC environment-policy validation	Manifests;metadata;resources;launchers;config	terminal validation report	awk;rg;shell	new	Rejects project-scratch Conda prefixes and routine --notemp use; verifies shared rule-environment prefix
hpc_environment_lifecycle	local_file		created_2026-08-04	docs/hpc_environment_lifecycle.md	Prevent Conda-prefix and job-temporary inode accumulation on Iris	2026-08-04 scratch audit; environment-spec archive	Persistent lifecycle policy and cleanup record	Markdown	new	Hard rules for shared prefixes, reproducibility exports, temporary cleanup, and retained-environment authorization
figure_visual_grammar	local_file		created_2026-07-29	R/figure_style.R	Shared manuscript and supplementary visual mappings	Plot data	Central condition, phase, cycle, taxonomy, viral-realm, and UV-category encodings	R;ggplot2	new	Phage-UV violet and control pastel green are fixed throughout
candidate_ecology_figures	local_file		created_2026-07-29	scripts/build_candidate_ecology_figures.R	Build unallocated ecology context figures and candidate manifest	Local staged taxonomy, UV, host-link, and inStrain tables	PDF and PNG figures; candidate_figure_manifest.tsv	R;data.table;ggplot2	new	Does not allocate figure numbers
uv_activity_candidates	local_file		created_2026-07-29	scripts/build_uv_activity_candidates.R	Build collapsed-sample UV-response CPM candidates	23 run-level MT gene-coverage tables; UV signature hits	Paired category tables and PDF/PNG figures	R;data.table;ggplot2	quarantined_quick_check	Preselected UV-category check only; not manuscript evidence or a gene-selection substrate
sos_activity_candidates	local_file		created_2026-07-29	scripts/build_sos_activity_candidates.R	Build collapsed-sample SOS-marker CPM candidate	23 run-level MT gene-coverage tables; SOS signature hits	Paired marker tables and PDF/PNG figure	R;data.table;ggplot2	quarantined_quick_check	Preselected SOS-marker check only; not manuscript evidence or a gene-selection substrate
temporal_response_analysis	local_file		created_2026-07-30	scripts/build_temporal_response_analysis.R	Abundance-corrected longitudinal DNA-damage, SOS, clustering-diagnostic, and SNV analysis	Metagenomic counts; MT gene coverage; UV hits; taxonomy; scoped inStrain summary	RNA:DNA tables; exact tests; continuous MAG heatmap; diagnostic clusters; SNV tests	R;data.table;ggplot2;cluster	quarantined_quick_check	Subset-derived expression components are quarantined; separately governed population-genomic outputs are descriptive only
temporal_cluster_stability	local_file		created_2026-07-30	scripts/evaluate_temporal_cluster_stability.R	Audit trajectory-cluster stability across feature spaces, algorithms, and k	MAG RNA:DNA activity and treatment-control effects	60-configuration diagnostic and membership tables	R;data.table;cluster	quarantined_quick_check	Preselected response-module clustering check only; not manuscript evidence or a prioritization substrate
sos_edger_sensitivity	local_file		created_2026-07-30	scripts/run_sos_edger_sensitivity.R	Exploratory count-model sensitivity for condition and condition-by-cycle terms	Collapsed SOS gene counts and full-library sizes	edgeR gene tables, family summaries, and marker-direction diagnostics	R;data.table;edgeR	quarantined_quick_check	SOS-restricted DE quick check; superseded by full-transcriptome GitHub #22 and prohibited from manuscript inference
population_genomics_descriptive	local_file		created_2026-08-01	scripts/build_population_genomics_descriptive.R	Coverage-qualified qualitative population-genomic landscape	Scoped inStrain pairwise table; MAG taxonomy	Pair and MAG QC tables; pairwise descriptive PDF/PNG figure	R;data.table;ggplot2	new	No DNA-damage, mutagenesis, treatment-effect, or accumulation inference
mag_genomic_variation_dossiers	local_file		created_2026-08-05	scripts/build_mag_genomic_variation_dossiers.R	Build coverage-qualified MAG-specific population-genomic dossiers	Staged inStrain SNV and scaffold tables; pairwise comparisons; strain clusters; Bakta annotations	Sample QC; recurrent-allele and cluster summaries; PDF/PNG organism dossiers	R;data.table;ggplot2;patchwork	new	Descriptive stability and turnover only; microdiversity metrics retained as coverage-sensitive diagnostics
instrain_hpc_template	local_file		created_2026-05-05	scripts/run_instrain_hpc_template.sh	Template for per-sample inStrain profiling and compare	rMAG FASTA;MG reads/BAMs	inStrain profile/compare outputs	bash;inStrain;HPC	new	Edit storage paths before HPC execution
analysis_scaffold	local_file		created_2026-05-05	analysis/phage_uv_ecology.qmd	Downstream manuscript analysis scaffold	Manifest-configured staged tables	Figures and summary tables	R/Quarto	new	Will fail gracefully until staged tables exist
manuscript_skeleton	local_file		created_2026-05-05	manuscript/manuscript_skeleton.md	Venue-neutral manuscript structure	Analysis outputs	Draft manuscript sections	Markdown	new	Claim hierarchy and figure placeholders
full_transcriptome_edger	local_file		created_2026-08-10	scripts/run_full_transcriptome_edger.R	Transcriptome-wide edgeR quasi-likelihood workflow with audited technical-run collapse	23 headerless run-level MT count tables;12-sample metadata;optional MAG-gene annotations	Complete tested-gene result tables;QC figures;design and dispersion diagnostics;checksums	R;data.table;edgeR;ggplot2	new	GitHub #22; uses coordinate-aware feature IDs and joins annotations only after modeling
full_transcriptome_edger_tests	local_file		created_2026-08-10	tests/test_full_transcriptome_edger.R	Unit and synthetic end-to-end validation for the full-DE workflow	Synthetic headerless count tables;synthetic 23-run mapping	Parser, duplicate-rule, MAG-annotation join, design, schema, and provenance assertions	R;data.table;edgeR;ggplot2	new	Runs without the project-scale count tables
