data_id	status	storage_tier	path	source	expected_columns_or_content	sample_id_fields	file_size_bytes	checksum_sha256	owner_or_provenance	notes
ena_run_metadata	needed	local_or_isilon	metadata/ena_run_metadata.tsv	ENA Portal API	run_accession;study_accession;sample_accession;sample_title;library_strategy;library_source;read_count;base_count	run_accession;sample_accession			ENA PRJEB79569	Fetch with scripts/fetch_ena_metadata.sh
sample_metadata	available	local	metadata/sample_metadata.tsv	ENA-derived manual map	sample_title;condition;phase;cycle;analysis_group;ENA accessions;run accessions	sample_title;ena_sample_accession			Codex implementation	Physical samples retained; downstream grouping uses condition_cycle
uv_signature_table	available	local	resources/uv_resistance_signatures.tsv	Curated from UV/DNA repair biology	tier;category;gene_symbol;synonyms;product_regex;specificity;rationale	gene_symbol			Codex implementation	Tier 1/2 should drive primary UV interpretation
rmag_fasta	stage_from_hpc	isilon	/isilon/path/to/phage_uv_treatment/rMAGs/*.fa	multiomics_pipeline;dRep	dereplicated rMAG FASTA files	MAG_ID			Shaman/HPC	Required for inStrain mapping and genome-potential analysis
rmag_quality_taxonomy	stage_from_hpc	isilon	/isilon/path/to/phage_uv_treatment/tables/rmag_quality_taxonomy.tsv	multiomics_pipeline;dRep;CAT/BAT or GTDB	MAG_ID;quality metrics;taxonomy;classification scores	MAG_ID			Shaman/HPC	Needed for figure filtering and interpretation
mag_abundance_counts	stage_from_hpc	isilon	/isilon/path/to/phage_uv_treatment/tables/mag_abundance_counts.tsv	multiomics_pipeline;CoverM or Salmon	MAG_ID;sample_id;count_or_coverage;condition;phase;cycle;analysis_group	MAG_ID;sample_id			Shaman/HPC	Summarize to condition_cycle for downstream figures
gene_annotations	stage_from_hpc	isilon	/isilon/path/to/phage_uv_treatment/tables/all_gene_annotations.tsv	multiomics_pipeline;Bakta	MAG_ID;gene_id;gene_symbol;gene_function;contig;start;end	MAG_ID;gene_id			Shaman/HPC	Input to UV and biofilm signature mapping
metatranscriptome_gene_counts	stage_from_hpc	isilon	/isilon/path/to/phage_uv_treatment/tables/metatranscriptome_gene_counts.tsv	multiomics_pipeline;CoverM or Salmon	gene_id;sample_id;raw_count;condition;phase;cycle;analysis_group	gene_id;sample_id			Shaman/HPC	Summarize/model at condition_cycle; keep phase for QC
differential_expression_results	stage_from_hpc	isilon	/isilon/path/to/phage_uv_treatment/tables/de_results.tsv	raw/membrane_cleaning_v2;wrapped QMDs	gene_id;MAG_ID;contrast;log2FC;pvalue;padj;method;phase;cycle	gene_id;MAG_ID			Shaman/HPC	Existing poster-level DE may be wrapped instead of rerun initially
biofilm_gene_summary	stage_from_hpc	isilon	/isilon/path/to/phage_uv_treatment/tables/biofilm_gene_summary.tsv	raw/membrane_cleaning_v2	MAG_ID;biofilm_gene_count;up;down;delta	MAG_ID			Shaman/HPC	Used to prioritize biofilm-associated MAGs
votu_quality_taxonomy	stage_from_hpc	isilon	/isilon/path/to/phage_uv_treatment/tables/votu_quality_taxonomy.tsv	raw/membrane_cleaning_v2;viromics outputs	contig_id;quality;taxonomy;viral_score;length;gene_count	contig_id			Shaman/HPC	Input to vOTU overview and phage-host interpretation
crispr_cas_summary	stage_from_hpc	isilon	/isilon/path/to/phage_uv_treatment/tables/crispr_cas_summary.tsv	multiomics_pipeline;CRISPRCasFinder or equivalent	MAG_ID;crispr_count;cas_gene_count;system_type	MAG_ID			Shaman/HPC	Used to identify complete CRISPR-Cas hosts
spacer_protospacer_links	stage_from_hpc	isilon	/isilon/path/to/phage_uv_treatment/tables/spacer_protospacer_links.tsv	host_phage_linking;SpacePHARER	MAG_ID;group_id;phage_acc;spacer_matches;p_bh;taxonomy	MAG_ID;phage_acc			Shaman/HPC	Core phage-host link table
mg_fastq_or_bam	stage_from_hpc	scratch_or_isilon	/isilon/path/to/phage_uv_treatment/reads_or_bams/metagenomics/	ENA;multiomics_pipeline	metagenomic FASTQ pairs or BAMs against dereplicated rMAGs	sample_title;run_accession			Shaman/HPC	Metagenomic reads only for inStrain
instrain_profiles	new_hpc_output	isilon	/isilon/path/to/phage_uv_treatment/instrain/profiles/	inStrain profile	output folders per physical sample	sample_title			Shaman/HPC	Run per physical sample before condition_cycle summaries
instrain_comparisons	new_hpc_output	isilon	/isilon/path/to/phage_uv_treatment/instrain/compare/	inStrain compare	pairwise and genome-level comparison tables	sample_title;MAG_ID			Shaman/HPC	Used for treatment/cycle SNV divergence figures
mgnify_status	needed	local_or_isilon	metadata/mgnify_prjeb79569_status.json	MGnifyR	study search result or unavailable status	ena_study_accession			Codex script	Fetch with scripts/check_mgnify_prjeb79569.sh when MGnifyR and network are available
mgnify_profiles	optional	isilon	/isilon/path/to/phage_uv_treatment/mgnify/	MGnify API	taxonomic and functional profiles if available	MGnify sample/analysis IDs			MGnify	Supporting concordance only; omit from core claims if unavailable
